[{"img":".\/photo\/6.png","brand":"GMC","model":"Sierra","year":"2019","price":"80","id":"6","days":"1"},{"img":".\/photo\/10.png","brand":"Ferrari","model":"F8 Tributo","year":"2022","price":"1500","id":"10","days":"1"},{"img":".\/photo\/1.png","brand":"Toyota","model":"Camry","year":"2022","price":"50","id":"1","days":"1"},{"img":".\/photo\/3.png","brand":"Ford","model":"Explorer","year":"2020","price":"70","id":"3","days":"1"},{"img":".\/photo\/1.png","brand":"Toyota","model":"Camry","year":"2022","price":"50","id":"1","days":"1"},{"img":".\/photo\/1.png","brand":"Toyota","model":"Camry","year":"2022","price":"50","id":"1","days":"1"}]