{
  "cars": [
    { "id": "1",
      "category": "SUZUKI BALENO / SIMILAR",
      "availability": true,
      "brand": "Toyota",
      "model": "Camry",
      "year": 2022,
      "mileage": 1000,
      "fuel_type": "gasoline",
      "seats": 5,
      "price_per_day": 50,
      "description": "A comfortable and spacious sedan with modern features.",
      "image_url": "./photo/1.png"
    }
  ,
    { "id": "2",
      "category": "hatchback",
      "availability": false,
      "brand": "Honda",
      "model": "Fit",
      "year": 2019,
      "mileage": 15000,
      "fuel_type": "gasoline",
      "seats": 5,
      "price_per_day": 40,
      "description": "A small and agile hatchback, perfect for urban driving.",
      "image_url":  "./photo/2.png"
    },
    {
      "id": "3",
      "category": "suv",
      "availability": true,
      "brand": "Ford",
      "model": "Explorer",
      "year": 2020,
      "mileage": 8340,
      "fuel_type": "gasoline",
      "seats": 7,
      "price_per_day": 70,
      "description": "A large and powerful SUV with plenty of room for passengers and cargo.",
      "image_url":  "./photo/3.png"
    },
    {
      "id": "4",
      "category": "sports car",
      "availability": true,
      "brand": "Chevrolet",
      "model": "Ford",
      "year": 2021,
      "mileage": 500,
      "fuel_type": "gasoline",
      "seats": 2,
      "price_per_day": 200,
      "description": "A high-performance sports car with stunning design and top-of-the-line features.",
      "image_url":  "./photo/4.png"
    },
    {
      "id": "5",
      "category": "luxury car",
      "availability": true,
      "brand": "Benz",
      "model": "S-Class",
      "year": 2021,
      "mileage": 2000,
      "fuel_type": "diesel",
      "seats": 5,
      "price_per_day": 150,
      "description": "A luxurious and elegant sedan with cutting-edge technology and unmatched comfort.",
      "image_url":  "./photo/5.png"
    },
    {
      "id": "6",
      "category": "pickup truck",
      "availability": true,
      "brand": "GMC",
      "model": "Sierra",
      "year": 2019,
      "mileage": 25000,
      "fuel_type": "gasoline",
      "seats": 5,
      "price_per_day": 80,
      "description": "A powerful and rugged pickup truck, perfect for heavy-duty work and outdoor adventures.",
      "image_url":  "./photo/6.png"
    },
    {   "id": "7",
      "category": "electric car",
      "availability": true,
      "brand": "Tesla",
      "model": "Model 3",
      "year": 2020,
      "mileage": 29300,
      "fuel_type": "electric",
      "seats": 5,
      "price_per_day": 80,
      "description": "A powerful and rugged pickup truck, perfect for heavy-duty work and outdoor adventures.",
      "image_url":  "./photo/7.png"
    },
    {   "id": "8",
      "category": "electric car",
      "availability": true,
      "brand": "Tesla",
      "model": "Model 3",
      "year": 2020,
      "mileage": 10000,
      "fuel_type": "electric",
      "seats": 5,
      "price_per_day": 80,
      "description": "A powerful and rugged pickup truck, perfect for heavy-duty work and outdoor adventures.",
      "image_url":  "./photo/8.png"
    },
    {   "id": "9",
      "category": "suv",
      "availability": true,
      "brand": "Sportage",
      "model": "Model 3",
      "year": 2018,
      "mileage": 3400,
      "fuel_type": "electric",
      "seats": 5,
      "price_per_day": 80,
      "description": "A very erotic turtle!!! Have possible eat bar bar!!!",
      "image_url":  "./photo/9.png"
    },
    {
      "id": "10",
      "category": "sports car",
      "availability": true,
      "brand": "Ferrari",
      "model": "F8 Tributo",
      "year": 2022,
      "mileage": 0,
      "fuel_type": "gasoline",
      "seats": 2,
      "price_per_day": 1500,
      "description": "Experience the raw power and beauty of the Ferrari F8 Tributo, the latest addition to Ferrari's iconic line of sports cars.",
      "image_url": "./photo/10.png"
    },
    {
      "id": "11",
      "category": "sports car",
      "availability": true,
      "brand": "Lamborghini",
      "model": "Huracan",
      "year": 2021,
      "mileage": 100,
      "fuel_type": "gasoline",
      "seats": 2,
      "price_per_day": 1200,
      "description": "Drive the Huracan, a masterpiece of engineering and design that delivers an unparalleled driving experience.",
      "image_url": "./photo/11.png"
    },
    {
      "id": "12",
      "category": "sports car",
      "availability": true,
      "brand": "Porsche",
      "model": "911 Turbo S",
      "year": 2021,
      "mileage": 250,
      "fuel_type": "gasoline",
      "seats": 2,
      "price_per_day": 1000,
      "description": "The Porsche 911 Turbo S is a high-performance sports car that combines advanced technology with legendary Porsche styling.",
      "image_url": "./photo/12.png"
    },
    {
      "id": "13",
      "category": "sports car",
      "availability": true,
      "brand": "Chevrolet",
      "model": "Corvette",
      "year": 2021,
      "mileage": 500,
      "fuel_type": "gasoline",
      "seats": 2,
      "price_per_day": 200,
      "description": "A high-performance sports car with stunning design and top-of-the-line features.",
      "image_url": "./photo/13.png"
    },
    {
      "id": "14",
      "category": "sports car",
      "availability": true,
      "brand": "Audi",
      "model": "R8",
      "year": 2022,
      "mileage": 50,
      "fuel_type": "gasoline",
      "seats": 2,
      "price_per_day": 800,
      "description": "Experience the thrill of driving the Audi R8, a sports car that combines cutting-edge technology with sleek design.",
      "image_url": "./photo/14.png"
    },
    {
      "id": "15",
      "category": "sports car",
      "availability": true,
      "brand": "McLaren",
      "model": "720S",
      "year": 2021,
      "mileage": 150,
      "fuel_type": "gasoline",
      "seats": 2,
      "price_per_day": 1800,
      "description": "The McLaren 720S is a high-performance sports car that offers exceptional performance and stunning design.",
      "image_url": "./photo/15.png"
    },
    {
      "id": "16",
      "category": "luxury sedan",
      "availability": true,
      "brand": "Mercedes-Benz",
      "model": "S-Class",
      "year": 2022,
      "mileage": 0,
      "fuel_type": "gasoline",
      "seats": 5,
      "price_per_day": 500,
      "description": "Experience the ultimate luxury sedan with the Mercedes-Benz S-Class, equipped with cutting-edge technology and luxurious amenities.",
      "image_url": "./photo/16.png"
    },
    {
      "id": "17",
      "category": "luxury sedan",
      "availability": true,
      "brand": "BMW",
      "model": "7 Series",
      "year": 2021,
      "mileage": 200,
      "fuel_type": "gasoline",
      "seats": 5,
      "price_per_day": 450,
      "description": "The BMW 7 Series offers a luxurious and comfortable ride with advanced technology and exceptional performance.",
      "image_url": "./photo/17.png"
    },
    {
      "id": "18",
      "category": "luxury sedan",
      "availability": true,
      "brand": "Lexus",
      "model": "LS",
      "year": 2021,
      "mileage": 100,
      "fuel_type": "gasoline",
      "seats": 5,
      "price_per_day": 400,
      "description": "The Lexus LS is a luxurious and sophisticated sedan that offers exceptional comfort and advanced safety features.",
      "image_url": "./photo/18.png"
    },
    {
      "id": "19",
      "category": "luxury sedan",
      "availability": true,
      "brand": "Audi",
      "model": "A8",
      "year": 2022,
      "mileage": 50,
      "fuel_type": "gasoline",
      "seats": 5,
      "price_per_day": 475,
      "description": "The Audi A8 is a luxurious and elegant sedan that offers advanced technology and exceptional comfort.",
      "image_url": "./photo/19.png"
    }

  ]}

